"","id","fc","pval","qval","de"
"4694","FUN_008877",0.00512262895421669,1.41876206338765e-08,5.55445347816264e-05,-7.60889988736461
"1331","FUN_002467",0.0136681772626421,3.45096982101722e-08,9.00703123285496e-05,-6.19303532645619
"1337","FUN_002485",0.00628723417836466,1.84432484062746e-07,0.000361026587552826,-7.31335878499833
"1330","FUN_002466",0.00375722136965773,2.97187029429935e-06,0.00128308632487589,-8.05611816482324
"6410","FUN_012054",0.0074729788073229,1.81471270965794e-06,0.00128308632487589,-7.06410085370615
"140","FUN_000190",0.0240476715376965,3.7689636618321e-06,0.00128308632487589,-5.37795898075431
"2988","FUN_005334",0.0296931846291461,3.38062405869088e-06,0.00128308632487589,-5.07372435740377
"3065","FUN_005514",0.0464926147923021,1.40418629956951e-06,0.00128308632487589,-4.42685462298851
"4704","FUN_008903",0.059180184865959,2.71696739662097e-06,0.00128308632487589,-4.07874198657196
"5084","FUN_009753",0.0689670287404479,2.67714573820577e-06,0.00128308632487589,-3.85794937630701
"5424","FUN_010292",11.9481254061653,2.73660756811012e-06,0.00128308632487589,3.57871238009123
"7869","FUN_014624",0.0954532397413866,3.67059854988749e-06,0.00128308632487589,-3.38906202536172
"1869","FUN_003340",9.91343178611586,3.63119538682177e-06,0.00128308632487589,3.30938456939472
"7576","FUN_014060",0.237010088177141,2.5305518225327e-06,0.00128308632487589,-2.07697962709976
"6762","FUN_012622",0.017431063616274,4.56507497015313e-06,0.00137192753029179,-5.8421955866274
"2094","FUN_003726",5.27574546211146,7.64735353619983e-06,0.00167059555989418,2.3993749608351
"1541","FUN_002782",4.62457830191144,8.82881620412057e-06,0.0018192008125859,2.20932181763364
"5420","FUN_010288",25.5554435206349,1.22119527403708e-05,0.0020027248425259,4.67555872474898
"3455","FUN_006209",0.0727021751978265,1.15674878627958e-05,0.0020027248425259,-3.7818576605656
"2864","FUN_005065",0.121774662182498,1.23516913709265e-05,0.0020027248425259,-3.03771411391233
"5688","FUN_010759",0.174240198324711,1.30058652454412e-05,0.0020027248425259,-2.52085059360607
"6409","FUN_012053",0.00964418508557151,1.56146857734907e-05,0.0020616281413598,-6.69612494609474
"5545","FUN_010492",0.0983162890292644,1.48454396008413e-05,0.0020616281413598,-3.34642572788958
"3432","FUN_006172",8.80364918134774,1.44309835019563e-05,0.0020616281413598,3.13810165608657
"3777","FUN_006745",4.4362631632228,1.68273841503197e-05,0.0020616281413598,2.14934495003868
"6482","FUN_012157",0.058468353179655,2.04163318839878e-05,0.00214434558325847,-4.09620023285154
"7945","FUN_014798",14.0748058620507,1.93675887258937e-05,0.00214434558325847,3.81504311781181
"2716","FUN_004781",12.9925307920446,1.9873643778201e-05,0.00214434558325847,3.69961057305634
"7065","FUN_013146",0.178734658151243,1.96586718876901e-05,0.00214434558325847,-2.48410868269715
"7658","FUN_014229",4.84352152503554,1.9528603116381e-05,0.00214434558325847,2.27605635315091
"6773","FUN_012645",4.45488113478865,1.84530908879932e-05,0.00214434558325847,2.15538693824804
"1476","FUN_002679",4.41848390749299,2.0539708651901e-05,0.00214434558325847,2.14355142971848
"486","FUN_000822",0.078320033675248,2.11423578733161e-05,0.00217821923879033,-3.67447480451771
"3433","FUN_006173",6.81718710008652,2.34474281243235e-05,0.00226658471868461,2.76917657885699
"1863","FUN_003330",0.135482645151353,2.40726104573374e-05,0.00227094626362593,-2.88382003561548
"1469","FUN_002672",15.2254571595038,2.84866291448971e-05,0.00239839038929617,3.92841364202372
"8766","FUN_016443",14.0121839728906,2.77289039070094e-05,0.00239839038929617,3.80860993012075
"1846","FUN_003300",0.100108387484707,2.819750771621e-05,0.00239839038929617,-3.32036524083673
"3333","FUN_006020",4.0997143105964,2.91357416604132e-05,0.00240139849685301,2.03552337874382
"6736","FUN_012575",0.025825257636373,3.21477838297612e-05,0.00244385579987408,-5.2750734480856
"6763","FUN_012623",0.0378702506124436,3.18404355750257e-05,0.00244385579987408,-4.7227912212555
"3676","FUN_006580",8.26036752405062,3.03449626001262e-05,0.00244385579987408,3.04620597212045
"2826","FUN_004990",0.188174660961382,3.30706931415126e-05,0.00248984160863503,-2.40985572275364
"1332","FUN_002468",0.0289661449962301,3.4217061242181e-05,0.00250224644134323,-5.10948849567009
"5670","FUN_010720",29.4428840180782,3.39343518755975e-05,0.00250224644134323,4.879847089475
"918","FUN_001617",5.41258406742216,3.88579417904822e-05,0.00255603785295982,2.43631752773057
"2721","FUN_004788",4.09286631062221,3.88043980472652e-05,0.00255603785295982,2.0331115433624
"2722","FUN_004789",4.17486678208553,3.98535389700694e-05,0.00257895214988135,2.06173016264276
"4690","FUN_008868",0.114949356970972,4.21274425532747e-05,0.00268177134302554,-3.12092969927394
"6406","FUN_012050",6.79063339390914,4.38198484558061e-05,0.00268527569427583,2.76354614761189
"1006","FUN_001927",27.6339049845834,4.44084390893718e-05,0.00269259945177188,4.78836754063608
"919","FUN_001618",12.0557546186214,4.61503486244297e-05,0.00270293232560612,3.59165005279334
"6983","FUN_013013",4.36614631173119,4.7006137131822e-05,0.00270293232560612,2.12636047656604
"1329","FUN_002465",0.0258324894733902,5.31058901789283e-05,0.00274758182078588,-5.27466950730022
"6806","FUN_012689",0.052978851349402,5.40453561643783e-05,0.00274758182078588,-4.23843962523831
"4104","FUN_007375",15.1985771554247,5.18295494175147e-05,0.00274758182078588,3.92586436415524
"1373","FUN_002551",8.35523816439937,5.55855621047208e-05,0.00274758182078588,3.06268095260732
"761","FUN_001295",6.55377689241936,5.47934354639956e-05,0.00274758182078588,2.71232656063184
"950","FUN_001759",0.158950478138042,5.62977634585016e-05,0.00275507179925042,-2.65335073864208
"2759","FUN_004881",0.127895877420898,5.8215106763293e-05,0.00280042613276689,-2.9669583335629
"6425","FUN_012071",0.186713498324852,5.90128112268884e-05,0.00280042613276689,-2.42110186490022
"7966","FUN_014848",5.45622073545518,6.44862490332132e-05,0.00293562401122128,2.44790201084024
"4608","FUN_008543",4.08967946860489,7.00295366032888e-05,0.00306330319331705,2.031987775398
"4036","FUN_007266",0.070726710360321,7.31160370375239e-05,0.00307794930109576,-3.82160102952093
"6569","FUN_012308",6.89359748551891,7.26824854311303e-05,0.00307794930109576,2.78525706276103
"2785","FUN_004926",4.54320028222068,7.25034317662354e-05,0.00307794930109576,2.1837089064947
"2793","FUN_004938",0.23969154853712,7.41497202431107e-05,0.00308825696544445,-2.06074905406277
"1571","FUN_002868",6.53814224352751,7.45729610104329e-05,0.00308945124186079,2.7088807646548
"5031","FUN_009656",0.198440394937871,7.72159779924841e-05,0.0031189695933194,-2.33322236127654
"4896","FUN_009413",21.2360163971454,8.06268370359131e-05,0.00318842491914747,4.40844125542243
"2467","FUN_004335",0.0201942335740768,8.27678982449065e-05,0.00322424200625681,-5.62991279688356
"6583","FUN_012329",7.97314554068974,8.42812140126048e-05,0.00324242109237313,2.9951490040986
"7711","FUN_014334",7.27014058819937,8.48162984028455e-05,0.00324242109237313,2.86198326289823
"1805","FUN_003235",0.043156310876792,8.61640450515733e-05,0.00325924866064647,-4.53428464532027
"487","FUN_000823",0.0176592984700205,9.4615083533145e-05,0.00332907155688648,-5.82342815788264
"426","FUN_000714",27.6357588570122,8.98790998684618e-05,0.00332907155688648,4.78846432329675
"8031","FUN_014983",17.6574765653714,8.95468083418338e-05,0.00332907155688648,4.14220727667623
"4195","FUN_007531",13.2658208061237,9.24275898729343e-05,0.00332907155688648,3.7296420381727
"2004","FUN_003553",9.22000792478294,9.04516076986051e-05,0.00332907155688648,3.20476799068066
"3379","FUN_006089",4.30826776737698,9.16819078164988e-05,0.00332907155688648,2.10710791902366
"2083","FUN_003710",11.7061741506343,9.92923819094216e-05,0.00339501899716494,3.54919774154078
"5445","FUN_010322",0.0243837998816276,0.000105576990899081,0.00352460588949747,-5.35793322201164
"5549","FUN_010498",98.704328815342,0.000109517583184893,0.00363357066244792,6.62504145234998
"6723","FUN_012559",8.38511046368377,0.000113123082488231,0.00372165435244895,3.06782978967621
"6258","FUN_011811",0.0787593468959683,0.000116332824502519,0.00379535839939467,-3.66640504189044
"8488","FUN_015889",14.0265039782005,0.000118464873845037,0.00382353059464058,3.81008356558317
"998","FUN_001912",7.97656958765369,0.000120655516015145,0.00382353059464058,2.99576843279821
"5501","FUN_010423",7.60451849260348,0.000120749242368268,0.00382353059464058,2.92685690142441
"6383","FUN_012014",0.2200172722684,0.00012148934591516,0.00382353059464058,-2.18431130914728
"2286","FUN_004026",4.18348896335693,0.000121014679212328,0.00382353059464058,2.06470662905625
"7677","FUN_014260",4.04624952847491,0.00012157051346684,0.00382353059464058,2.01658529231163
"406","FUN_000665",4.91338834194009,0.000128051913603544,0.00396302957911364,2.29671827060731
"2527","FUN_004477",0.142915981575542,0.000129152594727233,0.00397071618649893,-2.80676084010105
"554","FUN_000946",0.0484532076240691,0.000133493457332046,0.00397256181139936,-4.36726401391437
"6807","FUN_012690",0.01880637254158,0.000136445653986073,0.00399219538528702,-5.73263458764163
"1334","FUN_002474",0.0416443082207965,0.000136642191986835,0.00399219538528702,-4.58573686255756
"2301","FUN_004073",0.0215074253332469,0.000143984844238387,0.00409556419271404,-5.53902136056363
"553","FUN_000945",0.0727105984130817,0.00014606902202452,0.00409556419271404,-3.78169052076641
"7210","FUN_013367",0.194575189009649,0.000146699833076136,0.00409556419271404,-2.36160033633461
"357","FUN_000595",4.28080815035587,0.000149347448936021,0.00413212199706377,2.09788318084382
"1388","FUN_002573",0.198335146196356,0.000151764222719564,0.00416396364100705,-2.33398774031463
"5030","FUN_009654",0.167751207902347,0.000155068673007852,0.00419955707174746,-2.5756049402148
"142","FUN_000192",0.0224745287725517,0.000166944307319117,0.00433087846831068,-5.4755653229618
"3402","FUN_006114",14.405994105696,0.000167399702569959,0.00433087846831068,3.84859731400177
"5213","FUN_009929",6.2730788536354,0.000167593381340758,0.00433087846831068,2.64917369767714
"3342","FUN_006031",7.6020325643907,0.000171127576352292,0.00439320958307688,2.92638520520308
"3926","FUN_007060",20.9720864756755,0.000173698284620327,0.00440148080445683,4.39039849463221
"4679","FUN_008829",0.0800052632156357,0.000173475551843105,0.00440148080445683,-3.64376127770812
"4898","FUN_009416",10.2027875421333,0.000172748900005959,0.00440148080445683,3.3508914651025
"6303","FUN_011879",4.92863975448418,0.000176133614575136,0.00442027628885677,2.30118953499319
"976","FUN_001855",5.41803991222743,0.000178506093361119,0.00445128251916422,2.43777102125504
"8397","FUN_015683",50.8574662986456,0.000181058688822455,0.00446583753775497,5.66838768413851
"4128","FUN_007423",29.3426549577198,0.000181941529315943,0.00446583753775497,4.87492750853827
"3284","FUN_005947",44.2291605320726,0.000186605148331465,0.00449854887275797,5.46692595508212
"5314","FUN_010099",15.1672363345618,0.000187968338998257,0.00450089325491239,3.92288632683664
"5418","FUN_010286",13.8355789173622,0.000192415090109588,0.00457773646967587,3.79031110628979
"7029","FUN_013085",6.77074410505385,0.000192934092059449,0.00457773646967587,2.75931439475731
"206","FUN_000279",6.9855778075475,0.000199976240382371,0.00466016060176776,2.80437945215687
"6200","FUN_011713",50.1991362945604,0.000211359728271687,0.0048249174121496,5.64959063686671
"501","FUN_000842",61.5123483485652,0.000221652846069675,0.00497677686274351,5.94280414945281
"1837","FUN_003289",0.0553634641048936,0.000223558273313884,0.00500131794299346,-4.17492197420984
"176","FUN_000231",0.0171732421083186,0.000236338087493237,0.00511700515758998,-5.86369376068228
"2972","FUN_005277",4.3792255582492,0.000236571630529703,0.00511700515758998,2.13067575976704
"592","FUN_001007",12.1971546180632,0.000243916537769673,0.00516701449883127,3.60847272651268
"6632","FUN_012406",7.32341510663416,0.000244177738588203,0.00516701449883127,2.87251657315957
"5419","FUN_010287",30.3301348337892,0.000256281006683068,0.00536545530034337,4.92268000642039
"8695","FUN_016256",8.19356156428766,0.000255848965013072,0.00536545530034337,3.03449069658306
"6960","FUN_012975",4.72015463732428,0.000260246869677405,0.00541950263184596,2.23883412459695
"6765","FUN_012629",8.06397763668452,0.000274069196883442,0.00554032222085272,3.01149163790912
"1996","FUN_003544",7.03592037490952,0.000275247170359094,0.00554032222085272,2.81473915600868
"3448","FUN_006201",0.122604889158803,0.000279618080705202,0.00557172619240905,-3.02791158384791
"5669","FUN_010719",25.9343548029493,0.00028395170768114,0.00557660935919284,4.69679257354711
"7660","FUN_014234",6.96241983167191,0.000281833574305557,0.00557660935919284,2.79958881073055
"4693","FUN_008874",4.12648831283121,0.000287939747011356,0.00560837865447493,2.04491455433521
"3131","FUN_005646",28.3448013316824,0.000288897821391521,0.00561139716062161,4.8250122522507
"1888","FUN_003378",9.20502678961211,0.000290244680721807,0.00561139716062161,3.20242192029156
"5550","FUN_010499",97.3215777369376,0.000297980287004895,0.0056724719400837,6.6046878037252
"3255","FUN_005898",11.8449113071068,0.000300648257360758,0.0056724719400837,3.56619549082505
"7662","FUN_014236",5.51848168348889,0.000296318953482144,0.0056724719400837,2.46427138855989
"8039","FUN_014998",4.32468737847806,0.000321975958059606,0.00591800880658853,2.11259584747295
"2774","FUN_004907",0.0070016352996635,0.000331687445004447,0.00599795079534601,-7.15809236786421
"347","FUN_000567",5.54468756701477,0.000331634472867881,0.00599795079534601,2.47110616945506
"2211","FUN_003894",0.210804984601976,0.000329258118456632,0.00599795079534601,-2.24601911417632
"4247","FUN_007626",6.57262711283011,0.000332508774409046,0.00599894862585906,2.71647013844489
"2565","FUN_004525",8.66861061071026,0.000335144895456274,0.00600765605145256,3.11580077941417
"6203","FUN_011716",126.552282498244,0.000368319064019351,0.00615768073516454,6.9835897179203
"1471","FUN_002674",15.5426838887526,0.000363958561523492,0.00615768073516454,3.95816374269127
"949","FUN_001758",9.27721262052927,0.000359300598177792,0.00615768073516454,3.21369140636648
"7060","FUN_013139",0.124351146092801,0.000368759922919626,0.00615768073516454,-3.00750829055103
"2865","FUN_005066",0.131025356289956,0.000361901663944675,0.00615768073516454,-2.93208206286591
"3611","FUN_006493",7.11830489556418,0.000366121350351634,0.00615768073516454,2.83153372856249
"3513","FUN_006292",6.86937646616634,0.000364885039351615,0.00615768073516454,2.78017915144579
"6719","FUN_012553",6.5229378863315,0.000361782022498591,0.00615768073516454,2.70552189074593
"7659","FUN_014230",6.83339360285227,0.000378097109977826,0.00623263236026606,2.77260222830951
"395","FUN_000646",75.1034601213838,0.000385252145243542,0.00629935786240075,6.23080747113513
"396","FUN_000647",61.0199412069229,0.000389663375867322,0.00629935786240075,5.93120888475933
"5504","FUN_010428",11.9915842368637,0.000388125049109012,0.00629935786240075,3.58395036412191
"5224","FUN_009945",0.225664336949813,0.000390083169367283,0.00629935786240075,-2.14774965584798
"2466","FUN_004333",10.6680776489391,0.00039669911629836,0.0063162632856356,3.41522832576357
"375","FUN_000617",5.97088014481573,0.000395790612815583,0.0063162632856356,2.57794360937443
"8725","FUN_016324",10.3584069479394,0.000404205502835708,0.00641973445680243,3.37273023835303
"7745","FUN_014388",0.0167330342614161,0.000407512761224083,0.00645915975786349,-5.90115711158444
"429","FUN_000717",9.26706590598854,0.00041253128151042,0.00647318624093505,3.21211263195483
"6424","FUN_012070",0.141213786373636,0.000418679535475919,0.00652181843741025,-2.82404715244003
"5816","FUN_010952",26.1369418087511,0.000428418474805459,0.00660227195047409,4.70801844124423
"4689","FUN_008859",10.9825272027869,0.000431915785535031,0.00663117764850841,3.45713816775551
"4354","FUN_007854",27.8069742420831,0.000434244367474523,0.00664605912894142,4.79737486425982
"379","FUN_000621",48.1230004038219,0.000438667961465189,0.00665653127572176,5.58865469028515
"6201","FUN_011714",176.845765150615,0.000444336065993811,0.00672949980025443,7.46634786163031
"7944","FUN_014797",45.8940802220066,0.000469629551185236,0.00697760794265729,5.52023617041889
"1861","FUN_003325",39.453690785434,0.000475511249716676,0.0070117760551442,5.3020883616351
"4633","FUN_008651",0.150325571492961,0.000491409944469057,0.00712544419480132,-2.73383765164696
"393","FUN_000643",13.1341182834391,0.000494498316795156,0.00714376719650566,3.71524744794313
"173","FUN_000228",12.5248499197202,0.000513134366731061,0.00727753303921794,3.64672141117231
"1148","FUN_002147",0.0519113863530613,0.000530175601975436,0.0074395608664295,-4.26780517270615
"8268","FUN_015388",13.5104093493217,0.000533458090683503,0.00747223050098717,3.75599948215567
"5668","FUN_010718",45.3157121970817,0.000539354775119016,0.00750115078007442,5.50193945373647
"7912","FUN_014717",12.0800275856652,0.000541281718046571,0.00751460257500825,3.59455184405838
"4026","FUN_007233",5.85969326141028,0.000580551951620767,0.00787161854867462,2.55082514556482
"6031","FUN_011423",0.158332622067199,0.000589241434734933,0.00792742342607307,-2.65896956306449
"8034","FUN_014991",15.2272740284801,0.000610262120945393,0.00807661369876157,3.92858578998962
"3332","FUN_006018",6.95223603118387,0.000607694919331214,0.00807661369876157,2.79747706305536
"6767","FUN_012631",12.2175950485797,0.000643747565951647,0.00840090573566899,3.61088842317411
"3273","FUN_005932",22.5473946242327,0.000660608123216999,0.00849353301278999,4.49488883303076
"3158","FUN_005692",0.22470943807567,0.0006644051237924,0.00851438972061291,-2.15386737411226
"172","FUN_000227",22.5662444367543,0.000674589585517804,0.00852214820037802,4.4960944344052
"6564","FUN_012302",4.01655537481635,0.000671200914308834,0.00852214820037802,2.00595876657374
"2298","FUN_004068",0.0250939867802262,0.000682350076389615,0.0085621812470043,-5.31651449419149
"3037","FUN_005461",0.184694017362407,0.000689551238520103,0.00861114226094483,-2.43679095981431
"5707","FUN_010783",0.228269165341531,0.000700873411446312,0.00871085525654702,-2.13119210178663
"5255","FUN_010004",6.53470559063727,0.000702727952002213,0.00872006317619228,2.7081222394644
"150","FUN_000201",4.60404116989615,0.000714673685629497,0.0087985769787405,2.20290073428236
"5476","FUN_010391",38.1420188450516,0.000728011595871103,0.00891583482273637,5.2533093019534
"5583","FUN_010576",7.92908991752396,0.000728752782445885,0.00891583482273637,2.98715528625435
"6202","FUN_011715",19.3289935813792,0.00073799097280669,0.00893073286704238,4.27269461640171
"5491","FUN_010412",17.7739751178459,0.000734482464298081,0.00893073286704238,4.15169446851379
"3409","FUN_006130",4.70417520547069,0.000737594540165309,0.00893073286704238,2.23394179388102
"6338","FUN_011934",9.66973415393791,0.000795137036162741,0.0094618890473469,3.27347622682026
"156","FUN_000208",0.0879146201736606,0.000808023217610865,0.00951401773517755,-3.50775308472339
"4630","FUN_008633",0.157489924768092,0.000813857972076892,0.00956833021225536,-2.66666855803382
"8745","FUN_016376",41.2434767764792,0.000897220198700532,0.0102259594699056,5.36609405021124
"4205","FUN_007548",0.0959115294636417,0.000901649529686854,0.0102435167388181,-3.38215193865824
"5421","FUN_010289",67.6623263631662,0.000913655028513594,0.0103082404513854,6.08028087555024
"1847","FUN_003301",0.172678025565626,0.000921053287453177,0.0103618494838482,-2.53384359293879
"8273","FUN_015395",0.110925896489422,0.000944203566791257,0.0105165205234361,-3.17233188199862
"5569","FUN_010552",0.0448992524197613,0.000956092326478863,0.0106187275408929,-4.47716476572772
"1395","FUN_002587",111.420479457844,0.000992531660741203,0.0108354520097867,6.79987061901294
"7910","FUN_014714",40.4400687305485,0.000994412721484483,0.0108354520097867,5.33771354408519
"1508","FUN_002728",25.5613959293844,0.00098556589989296,0.0108354520097867,4.67589472011628
"6582","FUN_012325",4.35001837120337,0.00100128703173408,0.0108354520097867,2.12102149383218
"5099","FUN_009768",4.19654874521423,0.00100002888485307,0.0108354520097867,2.06920333860085
"5671","FUN_010722",46.0274458681502,0.00100567985838351,0.0108613424705419,5.52442248236357
"1638","FUN_002977",7.81616784305222,0.00101286609174156,0.0108789320964834,2.96646144782564
"1396","FUN_002588",98.970956895135,0.00101461539577508,0.0108827925327655,6.62893332219472
"7436","FUN_013766",11.097999445474,0.00101727817602382,0.0108964269743728,3.4722277309029
"2888","FUN_005116",7.63858856592788,0.00104374973597698,0.0110739301256095,2.93330608629081
"7128","FUN_013240",0.0434568726822821,0.00104554647372623,0.0110779822588314,-4.52427183320538
"2162","FUN_003818",5.1366862813216,0.00105347506351883,0.0111168594977795,2.36083796502177
"5502","FUN_010424",48.0052131723501,0.0010590794596862,0.0111562700428405,5.58511918008586
"8265","FUN_015385",6.89206986281269,0.00106384138724369,0.0111660563835363,2.78493732579713
"5466","FUN_010376",54.6637753532531,0.00110172021225785,0.0113632036810978,5.77251319791211
"6310","FUN_011887",13.132547723829,0.00112226449698483,0.0114205620787605,3.71507492215984
"356","FUN_000594",7.3777657345835,0.00112309486598283,0.0114205620787605,2.88318398001668
"5422","FUN_010290",9.50204297078542,0.00112775284076139,0.0114382185792249,3.24823773101721
"3396","FUN_006107",9.33565353889075,0.00117779874713642,0.0117896108678806,3.22275102130673
"5356","FUN_010186",28.6906521242,0.00119362230300379,0.0118454532731555,4.84250885510468
"428","FUN_000716",15.2749824818997,0.00119651058206327,0.0118590858956398,3.93309882037877
"6737","FUN_012576",20.6879402550601,0.00120980984987806,0.0119008045428248,4.37071810877863
"4103","FUN_007374",39.2269619361281,0.0012123688941541,0.0119107257731827,5.29377370026399
"4039","FUN_007275",6.89359499031255,0.0012453882134611,0.0120835064577452,2.78525654056307
"6728","FUN_012564",0.110460175838692,0.00127348437152686,0.0122498558096502,-3.17840176577507
"3927","FUN_007061",0.0848877218403524,0.00130942321255501,0.0124966042376979,-3.55830029231
"4474","FUN_008134",0.062945092887094,0.00133290544061127,0.0126504843636196,-3.98976227796864
"8253","FUN_015354",0.221560246949658,0.00134453410539648,0.0127454019918334,-2.17422904325377
"591","FUN_001006",7.49104258260975,0.00139834789210769,0.0130018235229226,2.90516652296783
"2208","FUN_003891",6.0453813450155,0.00143427185567235,0.0131349106782626,2.5958333481113
"6914","FUN_012894",6.05048448268937,0.00146718427515502,0.0132769015269257,2.59705066846798
"2067","FUN_003678",0.177776680688546,0.00147251322878472,0.0132984758724157,-2.49186199941136
"5489","FUN_010409",0.0185645313984087,0.00147668127280576,0.0133207538779598,-5.75130729029574
"6127","FUN_011581",0.21308410940472,0.0014838207061223,0.0133543863551007,-2.23050508570764
"1137","FUN_002125",57.7800872119179,0.00149743749702935,0.013430624973356,5.85250047636183
"3259","FUN_005904",5.01908873637152,0.00150597798771956,0.0134763515929648,2.32742545285005
"1114","FUN_002089",0.00996339597658188,0.00153160084326798,0.0135814661413231,-6.6491467227385
"424","FUN_000712",6.33117137960317,0.00155039210402508,0.013675357085074,2.66247244865836
"6899","FUN_012863",0.0459341493746659,0.00159696737071158,0.013945981388358,-4.44428907719637
"6124","FUN_011578",4.14704695128576,0.00161065058382803,0.0139815898795715,2.05208438097999
"1365","FUN_002538",0.136163280250886,0.00166216187202672,0.0143334002841071,-2.8765903969879
"3400","FUN_006111",11.7438476161245,0.00169258040496623,0.0145316936084271,3.55383324841889
"8033","FUN_014990",21.8416207975887,0.00169813235359872,0.0145633913786178,4.4490080129529
"5503","FUN_010425",39.4111738153144,0.00170354972685693,0.014586146239451,5.3005328139727
"7057","FUN_013136",10.604565857998,0.00170706902593654,0.014586146239451,3.40661365424391
"8125","FUN_015132",17.2456127820288,0.00177418215150171,0.0150150858206385,4.10815748735024
"3401","FUN_006112",39.089104250212,0.00180664613378356,0.0151294537192784,5.28869461968894
"5453","FUN_010354",6.23922861994122,0.00186102292529444,0.0153549099104905,2.64136767412333
"6396","FUN_012035",8.19679417835099,0.00187306617505367,0.0154380085796529,3.03505977225316
"3583","FUN_006445",0.02138388433923,0.00191013241328331,0.0156610856502705,-5.54733225028305
"3285","FUN_005949",16.2084015115422,0.00200607459847291,0.016110322160044,4.01866991275801
"4815","FUN_009207",0.237463976841998,0.00202303391117131,0.0161636280861953,-2.07421942090968
"3624","FUN_006509",4.90735634893634,0.00203642730713072,0.0162212504640037,2.29494603687934
"7211","FUN_013368",0.141935573086514,0.00205541610792936,0.0163520710042159,-2.81669187981095
"4853","FUN_009282",4.03440298779907,0.00207824611698415,0.0163977292111313,2.01235519883969
"7212","FUN_013369",0.114089682503861,0.00210656709502022,0.0165274753046175,-3.13175976490444
"6804","FUN_012685",0.0586186570069635,0.00211245671416527,0.016540536071914,-4.09249627448675
"8329","FUN_015501",0.125055790264164,0.00214456352045156,0.0166917816750852,-2.99935623695264
"7468","FUN_013845",0.205207296562662,0.00216119795618375,0.0167712388472931,-2.28484606507487
"2361","FUN_004171",9.02034060017393,0.00221919282528749,0.0169856107741945,3.17318190941244
"6389","FUN_012028",7.726531195585,0.00225683757876438,0.017189725916075,2.94982086562219
"423","FUN_000711",27.9442863896159,0.00228052600070017,0.0172933382106293,4.80448142840274
"3269","FUN_005928",4.85007957238389,0.0024062995986962,0.0179612257938906,2.27800841693727
"934","FUN_001687",0.141687426317408,0.00244053504930331,0.0181994185105189,-2.81921635917476
"8624","FUN_016114",44.1164537414042,0.002462675088994,0.0182601760860067,5.46324492082768
"6877","FUN_012835",0.0852486241734749,0.00247186582405323,0.0182936761836832,-3.55217963908803
"1515","FUN_002736",0.0268291277572941,0.00248060120625937,0.0183152722357324,-5.22005603792253
"7404","FUN_013728",0.0525127622800607,0.00258834215338333,0.0188527619172014,-4.25118810336528
"4648","FUN_008708",4.53400131062844,0.0025933255070747,0.0188715043869841,2.18078480811374
"4379","FUN_007920",43.8754042812605,0.00262861975625872,0.0190219861547458,5.45534051379476
"1238","FUN_002295",15.7639138460663,0.00272041556563374,0.0194528345926139,3.97855386478959
"5092","FUN_009761",0.0193605128978695,0.00277092640701238,0.0195711733631133,-5.69073901684138
"1512","FUN_002732",0.0286391793564871,0.00277945654914202,0.0195711733631133,-5.12586603639353
"5552","FUN_010509",5.37990636265985,0.002814127345377,0.0197266043995541,2.42758106287449
"4351","FUN_007848",0.180617642222854,0.00291270497934482,0.0201292850734951,-2.46898927679548
"377","FUN_000619",6.07647315575596,0.00294740665246851,0.0201929964802935,2.60323421231618
"427","FUN_000715",23.3154293464143,0.00297014973645648,0.0202934314454226,4.54321309159238
"157","FUN_000209",0.18215977094758,0.00297432153076815,0.0203042175988794,-2.45672371238121
"1895","FUN_003396",9.81725417359084,0.00302377129822973,0.0204810806791858,3.29531956791264
"8823","FUN_016534",12.4882449940511,0.00303592499912653,0.0205456289914959,3.64249884034557
"2516","FUN_004460",8.69511394491737,0.00306386137484149,0.0206632511326519,3.12020493341917
"5537","FUN_010478",16.4622133752605,0.00315948188188209,0.021108142606772,4.04108641672434
"6704","FUN_012524",8.72209950463317,0.00325051895058981,0.0214596988050925,3.12467544926175
"6250","FUN_011799",5.20271985519145,0.00325565544817596,0.0214596988050925,2.37926602628307
"6622","FUN_012395",10.162999746268,0.00326541578738415,0.0214858870716117,3.34525439072871
"632","FUN_001079",12.6918700679323,0.00328002980411357,0.0215458333609138,3.6658327518489
"7408","FUN_013735",32.6811500579574,0.003293802051485,0.0216000586793363,5.03038684806857
"4989","FUN_009599",0.0650674152338772,0.00334982255789296,0.0218575921902515,-3.94192094514639
"1080","FUN_002014",11.2073243912139,0.0033768005099124,0.0219786766355895,3.4863699887074
"2465","FUN_004332",0.0239967110332858,0.00341607019336254,0.0221620453853586,-5.38101950482111
"6082","FUN_011513",67.6184848832841,0.00344642803791095,0.0222243997240728,6.07934578524079
"8645","FUN_016147",0.0713659488089002,0.00346298061847528,0.0222803107992288,-3.80862031163262
"7058","FUN_013137",16.4996103336176,0.00348181373265055,0.0223647264369597,4.04436004806174
"392","FUN_000642",21.8871874072746,0.00353140940552688,0.0225721923634901,4.45201466912837
"4895","FUN_009412",52.080768231693,0.00362822403628349,0.0229483599259442,5.70267882441778
"2916","FUN_005161",0.0615470536688733,0.00362375089465083,0.0229483599259442,-4.02216639495038
"7223","FUN_013398",16.2327763613404,0.00372265008259987,0.0233747795884178,4.02083786619555
"833","FUN_001425",0.139280086335594,0.0039649173207712,0.0245545338113308,-2.84393909250158
"2411","FUN_004241",4.80886851208947,0.00408609457133502,0.0249758942182304,2.26569747943677
"1616","FUN_002946",0.197865453430359,0.00410511207108577,0.0250725643655239,-2.33740834968436
"7638","FUN_014168",5.12581267365385,0.00413977280783517,0.0251931578903147,2.35778075531133
"1099","FUN_002061",14.5584856283505,0.00421628120851492,0.025471516382723,3.86378838929108
"3480","FUN_006254",0.0287051210854363,0.00434706465345513,0.0259259926469337,-5.12254804850137
"612","FUN_001037",0.040813660025624,0.00440015855163334,0.0260614534487814,-4.61480409755532
"5163","FUN_009852",0.0180683747290875,0.00444347164928494,0.026249842344616,-5.79038944980021
"3272","FUN_005931",26.0107621431847,0.00444886162094127,0.0262506303632028,4.70103676729721
"7215","FUN_013383",0.0868754074927534,0.00450416148656596,0.0264573026555225,-3.52490835001357
"5217","FUN_009937",6.45514879366853,0.00455640831891002,0.0266641832115586,2.69045035059267
"2554","FUN_004514",49.8684553726212,0.004683412590061,0.0271637930223538,5.64005561249294
"5838","FUN_010995",4.82155534407517,0.00477365563888532,0.027447339759916,2.2694986081206
"3592","FUN_006465",0.0434552168209195,0.00486233964508564,0.0277493581785864,-4.52432680606336
"3434","FUN_006177",5.91297000220905,0.00486087661359991,0.0277493581785864,2.56388295801343
"1798","FUN_003221",0.0448720155076359,0.00489392524564702,0.0279092750716797,-4.47804020305116
"2854","FUN_005046",0.152991083516678,0.00497679523384176,0.02821745596016,-2.70848052132316
"5164","FUN_009853",0.0207428546236867,0.00501856927925504,0.0283721281274852,-5.59124173882318
"1473","FUN_002676",4.92988564021825,0.00503153590010186,0.0284044167972585,2.30155418043613
"6618","FUN_012387",0.150468447081951,0.00507513438552909,0.0285476309186011,-2.73246710631378
"5846","FUN_011004",4.425309189688,0.00514188908203239,0.0288196073817564,2.14577825764676
"6287","FUN_011855",11.4954098711065,0.00522421983892862,0.0290526157847167,3.52298600143678
"331","FUN_000543",4.64549025224351,0.00522427624838839,0.0290526157847167,2.2158308564913
"2220","FUN_003909",34.5708357223894,0.00530957155607936,0.0293601308503541,5.11148357491155
"6764","FUN_012627",0.0804896788754597,0.00541046276004098,0.0297732269307853,-3.63505239027208
"7388","FUN_013710",0.235685519012486,0.00541609121516995,0.0297808948137505,-2.08506497563179
"5497","FUN_010418",0.0175767617611653,0.00550697451075255,0.0300904469080199,-5.83018688843067
"3941","FUN_007103",7.07297271005269,0.0055919975359684,0.0303606068349793,2.8223166949031
"284","FUN_000449",0.035945509023236,0.0056589402404108,0.030621632399735,-4.79804465595673
"2843","FUN_005018",0.0505812748308387,0.00574913338824456,0.0307798384940817,-4.30525279118892
"1799","FUN_003223",0.0318422903494762,0.00576912971698595,0.0308132917353343,-4.97291208011824
"7981","FUN_014872",4.92395964952928,0.00578606557904471,0.0308406354553574,2.29981893938888
"3130","FUN_005645",42.2684965865968,0.0058200144970153,0.0309583651573572,5.40151089413485
"3590","FUN_006459",23.8771131958697,0.00591429534641952,0.0313109753633974,4.57755651650856
"5165","FUN_009854",0.0194722207466795,0.00599818096447735,0.031648084199365,-5.6824387614166
"2518","FUN_004462",5.3022918466061,0.00605625496114692,0.0319114914843744,2.40661608062833
"3208","FUN_005804",0.0549623749172553,0.00606225174584663,0.0319216080497506,-4.18541184560195
"1142","FUN_002138",0.144060056958379,0.00621157294902308,0.0323277498983781,-2.79525771507322
"7657","FUN_014224",33.7353863852729,0.00624538085255488,0.0324710040341997,5.0761907805993
"2841","FUN_005016",0.0311401884411294,0.00627204370634549,0.0325031820983469,-5.00507851503471
"2840","FUN_005015",0.0554843608997248,0.00635816786569388,0.0328500052767555,-4.17177500627406
"2081","FUN_003708",5.74468614959831,0.00642295526142711,0.0330431929677886,2.52222807602429
"1800","FUN_003224",0.0404107571699895,0.00645216694237161,0.0331064660280273,-4.62911680645045
"2915","FUN_005160",0.113690020833904,0.00656798465239827,0.0334813280132021,-3.13682246796825
"7056","FUN_013135",16.0157664335283,0.00672213638252994,0.0338702238579211,4.00142093473537
"836","FUN_001430",0.190437056582407,0.00672784296037521,0.033877177093079,-2.39261385917275
"1864","FUN_003331",0.0461964656528461,0.00673754585640185,0.0339042313982175,-4.43607370999834
"3635","FUN_006526",4.79456652534339,0.00693804985720292,0.0346018664852859,2.2614003877134
"2845","FUN_005023",0.0304823869205543,0.0071291500386611,0.0351763116546042,-5.03588031241535
"5879","FUN_011085",0.0593277134440339,0.00715975007784964,0.0352583918928067,-4.07515000897449
"830","FUN_001413",0.0116859859460935,0.00728645893269608,0.0356581084018815,-6.4190767304051
"2846","FUN_005024",0.0268103616687739,0.00741540244051042,0.0361310523392636,-5.22106550852858
"8053","FUN_015015",0.129668044718429,0.00756943781573982,0.0366761745651255,-2.94710510802266
"1383","FUN_002566",0.238958275964824,0.00758802084917776,0.0367434775813617,-2.06516936083866
"1341","FUN_002491",0.0415911648745015,0.00762568051428647,0.0368626795166599,-4.58757909759805
"3399","FUN_006110",25.0288971495387,0.00773671757048944,0.0371419365891676,4.64552281771766
"832","FUN_001424",0.0891421436853111,0.00796679133446343,0.0380365708224687,-3.48774853455693
"2126","FUN_003765",0.149708936191318,0.00820491796591161,0.0388889271628861,-2.73976775582824
"835","FUN_001428",0.06963670352291,0.00828313302346328,0.0390437977952865,-3.84400827977414
"2976","FUN_005298",35.6004438688713,0.00834907497945725,0.0392161110312839,5.15382332381576
"8541","FUN_015978",0.0994004142307793,0.00862438377045804,0.0402072509337534,-3.33060432583982
"7976","FUN_014866",4.70437242909075,0.00866356540950342,0.0403528393556655,2.23400227793227
"1088","FUN_002032",11.4826662055323,0.00878356894101628,0.0407436876825578,3.52138576084655
"4924","FUN_009484",0.0777999923826959,0.00930482217811535,0.0423585800317693,-3.6840861758158
"829","FUN_001412",0.0199218595387266,0.00955341610167282,0.043269663503433,-5.64950387258513
"155","FUN_000206",0.131764666506921,0.00955469325637748,0.043269663503433,-2.9239645400901
"983","FUN_001884",6.12688205384212,0.00957051001842024,0.0432912151613117,2.61515307883688
"5880","FUN_011086",0.0705492251813454,0.00962878961703173,0.0433545797189007,-3.82522595150454
"513","FUN_000859",0.122133186199524,0.00969782913341755,0.0435651188265401,-3.03347283018686
"5496","FUN_010417",0.0244154418790625,0.00976754611487507,0.0437778397707337,-5.35606230117214
"5763","FUN_010880",19.6696796742288,0.0100333212657692,0.0443345967894879,4.29790155803687
"6388","FUN_012026",0.214893684260066,0.0102019108121779,0.0448915345453164,-2.21830501240355
"3397","FUN_006108",14.4621617883756,0.0109416863386693,0.0469700679998798,3.8542113157974
"5495","FUN_010416",0.0316278530550812,0.0111555811058631,0.0475176243807195,-4.98266056284489
"3897","FUN_007002",0.218364469932481,0.0111658949036795,0.0475176243807195,-2.19518996034281
"8420","FUN_015746",18.4312852666676,0.0116040911755596,0.048770817984236,4.20408477264899
"5162","FUN_009851",0.0298759414814254,0.0117407846217774,0.0491869147076068,-5.06487201227358
"5906","FUN_011133",4.51681906025421,0.011769633279088,0.0492287545808007,2.17530712185548
"4809","FUN_009188",14.4598442361408,0.0118834534685583,0.0494747644366797,3.85398010630795
"1128","FUN_002113",0.0574124821601979,0.012120981066526,0.0500861404972548,-4.12249175961761
"1513","FUN_002733",0.0777128352107199,0.0121217415379691,0.0500861404972548,-3.68570329300026
"2388","FUN_004205",8.3926245709606,0.0124308129531109,0.0509065195726246,3.06912204587258
"5097","FUN_009766",21.0853463703259,0.0125109646230259,0.051154492427307,4.39816881594226
"1009","FUN_001932",0.0639302969926115,0.012871835301096,0.0522480406467506,-3.9673563937779
"5500","FUN_010421",0.0676005190049098,0.0130727885387101,0.0528445711193082,-3.88682186689248
"3572","FUN_006429",0.0136164339251761,0.013228391720052,0.05325544379273,-6.19850727145397
"1364","FUN_002537",0.0401056310634626,0.0136323077325278,0.0543211040945,-4.64005137611239
"1340","FUN_002490",0.198785483928132,0.0137217422234698,0.0545206038998031,-2.33071568521815
"177","FUN_000232",0.166263425645444,0.0145276799062269,0.0565647606493073,-2.58845725304008
"5634","FUN_010671",0.0530860639926527,0.0146857334638687,0.0569110976947689,-4.23552301137179
"6797","FUN_012678",0.233882391591404,0.0148661292315491,0.0573836803021671,-2.0961448459376
"1336","FUN_002482",0.0387972595243753,0.0153722804243748,0.0586002705564043,-4.68790143968772
"8649","FUN_016152",0.145206989707005,0.0154241410519538,0.0587122141160905,-2.78381719408176
"3563","FUN_006406",0.070994225296504,0.0154445078418642,0.0587326354549767,-3.81615450987454
"5498","FUN_010419",0.0860150976142172,0.0156877454455912,0.0593406023376709,-3.53926628180307
"7629","FUN_014141",6.21735610731328,0.0157593074772611,0.0595250253482654,2.63630121351291
"2894","FUN_005125",0.105310652675918,0.0159767973216383,0.0602013104082905,-3.24727671564253
"8410","FUN_015729",13.0821050735038,0.0167988556714811,0.0623684399752001,3.70952280198847
"5499","FUN_010420",0.0899423047549374,0.0170667248042915,0.0631533342238197,-3.47485633650033
"8297","FUN_015432",33.1204448706482,0.0171733316232316,0.063398013488875,5.04965014599657
"1806","FUN_003237",0.156669045112688,0.017628923194507,0.0642116786137957,-2.67420793660824
"1087","FUN_002031",9.73196045473906,0.0177193247294571,0.0642920818496985,3.28273045798002
"2169","FUN_003828",0.200161897497944,0.0180687693221417,0.065227507511466,-2.32076072372274
"8307","FUN_015453",0.0716773629260088,0.0182784512456089,0.0657019580485797,-3.80233862943772
"1160","FUN_002162",0.0662122280387448,0.0184001403301,0.0659256637722042,-3.91675851199056
"1804","FUN_003234",0.0657111548387864,0.0187172680923648,0.0666593187400139,-3.92771789282559
"5090","FUN_009759",0.044101280538717,0.0188412267647495,0.0669967327738369,-4.50303564283467
"8236","FUN_015332",4.48917143382926,0.0189301863686964,0.0670997552136227,2.16644919137771
"5091","FUN_009760",0.0242569655732001,0.0193961232526088,0.0681344302682488,-5.36545710206578
"3663","FUN_006564",18.6172865338486,0.0199749684320933,0.0695437984985731,4.21857091056441
"4760","FUN_009118",20.7047354767733,0.0201037169811276,0.0698003249280226,4.37188886587406
"5506","FUN_010431",0.0366078943818526,0.0203051050537975,0.0703491029076257,-4.77170139488728
"5547","FUN_010494",5.67428948775513,0.0204847984438998,0.0707927859867609,2.50443975510558
"3197","FUN_005772",0.0848630540941017,0.0210646582317154,0.0720475780720698,-3.55871958977995
"1339","FUN_002489",0.0193588541220323,0.021384321486801,0.0726402697830708,-5.69086262979583
"2045","FUN_003632",0.223339362363807,0.0219397234492609,0.0739191198828368,-2.16269055406066
"1500","FUN_002714",0.211457534867006,0.0225722228384697,0.0753690852133125,-2.24156012604778
"4761","FUN_009119",8.71817156579848,0.0242779737541813,0.0792513007728753,3.12402559491595
"171","FUN_000226",0.240796295903499,0.0260787239035518,0.0833787089050205,-2.05411489515999
"2817","FUN_004978",0.0811548002031739,0.0265762091975523,0.0844565618044517,-3.62317975890165
"7037","FUN_013096",0.210328606271552,0.0267792381840553,0.084999633706455,-2.24928301410224
"2848","FUN_005031",0.097935400306889,0.0271960005907083,0.0860035075223125,-3.3520257506228
"8800","FUN_016496",15.9217021969007,0.0274709027635671,0.0867327292898107,3.99292267824065
"3664","FUN_006565",23.4198394973808,0.0288413818401152,0.0897924532040167,4.54965928357336
"3215","FUN_005828",0.195786426049832,0.0317124336269849,0.0959728488918324,-2.35264734909503
"6695","FUN_012508",0.116705238411627,0.0323543267886884,0.0972119642192749,-3.09905877582271
"2299","FUN_004070",0.178602006452537,0.034691848120594,0.10208086087345,-2.4851798067974
"4636","FUN_008667",4.51565174014468,0.0378609593985206,0.108949398048665,2.17493422567242
"2576","FUN_004543",8.2359036180102,0.0381629267177634,0.109336156677676,3.04192694669766
"856","FUN_001488",12.7167225602088,0.038490919466588,0.109999535699756,3.668654992287
"214","FUN_000291",0.114322531807793,0.0398323840297231,0.112961813456259,-3.12881832279777
"1614","FUN_002934",11.697649461575,0.0413084262258125,0.115714450172089,3.54814675710518
"929","FUN_001646",0.175829377819436,0.0434334618390658,0.119471422274109,-2.50775195675252
"6875","FUN_012832",0.114344151956525,0.0464407870726422,0.125057924750715,-3.12854551277632
"1950","FUN_003469",0.181695591425014,0.0482797280594578,0.128450652635255,-2.46040467975359
